Time,Sp,Saplings
0,ACRU,0
1,ACRU,0
2,ACRU,0
3,ACRU,0
4,ACRU,0
5,ACRU,0
6,ACRU,0
7,ACRU,0
8,ACRU,0
9,ACRU,0
10,ACRU,0
11,ACRU,0
12,ACRU,0
13,ACRU,0
14,ACRU,151
15,ACRU,388
16,ACRU,496
17,ACRU,536
18,ACRU,628
19,ACRU,699
20,ACRU,763
21,ACRU,706
22,ACRU,807
23,ACRU,809
24,ACRU,723
25,ACRU,799
26,ACRU,756
27,ACRU,753
28,ACRU,854
29,ACRU,757
30,ACRU,698
31,ACRU,698
32,ACRU,680
33,ACRU,651
34,ACRU,608
35,ACRU,600
36,ACRU,586
37,ACRU,511
38,ACRU,539
39,ACRU,485
40,ACRU,442
41,ACRU,453
42,ACRU,421
43,ACRU,412
44,ACRU,408
45,ACRU,364
46,ACRU,329
47,ACRU,310
48,ACRU,287
49,ACRU,293
50,ACRU,223
51,ACRU,247
52,ACRU,250
53,ACRU,242
54,ACRU,198
55,ACRU,171
56,ACRU,181
57,ACRU,190
58,ACRU,159
59,ACRU,144
60,ACRU,157
61,ACRU,112
62,ACRU,132
63,ACRU,149
64,ACRU,130
65,ACRU,127
66,ACRU,119
67,ACRU,113
68,ACRU,108
69,ACRU,92
70,ACRU,99
71,ACRU,101
72,ACRU,112
73,ACRU,95
74,ACRU,117
75,ACRU,127
76,ACRU,102
77,ACRU,128
78,ACRU,115
79,ACRU,105
80,ACRU,109
81,ACRU,117
82,ACRU,124
83,ACRU,127
84,ACRU,127
85,ACRU,105
86,ACRU,125
87,ACRU,160
88,ACRU,126
89,ACRU,149
90,ACRU,146
91,ACRU,137
92,ACRU,137
93,ACRU,149
94,ACRU,161
95,ACRU,151
96,ACRU,171
97,ACRU,182
98,ACRU,176
99,ACRU,155
100,ACRU,153
101,ACRU,196
102,ACRU,177
103,ACRU,207
104,ACRU,185
105,ACRU,206
106,ACRU,211
107,ACRU,218
108,ACRU,188
109,ACRU,219
110,ACRU,214
111,ACRU,239
112,ACRU,205
113,ACRU,241
114,ACRU,234
115,ACRU,249
116,ACRU,259
117,ACRU,220
118,ACRU,233
119,ACRU,262
120,ACRU,217
121,ACRU,213
122,ACRU,242
123,ACRU,215
124,ACRU,183
125,ACRU,196
126,ACRU,221
127,ACRU,189
128,ACRU,180
129,ACRU,222
130,ACRU,194
131,ACRU,180
132,ACRU,189
133,ACRU,189
134,ACRU,160
135,ACRU,166
136,ACRU,153
137,ACRU,171
138,ACRU,160
139,ACRU,162
140,ACRU,160
141,ACRU,192
142,ACRU,172
143,ACRU,141
144,ACRU,177
145,ACRU,165
146,ACRU,134
147,ACRU,141
148,ACRU,140
149,ACRU,153
150,ACRU,128
151,ACRU,151
152,ACRU,118
153,ACRU,156
154,ACRU,157
155,ACRU,135
156,ACRU,142
157,ACRU,135
158,ACRU,130
159,ACRU,121
160,ACRU,130
161,ACRU,137
162,ACRU,124
163,ACRU,120
164,ACRU,128
165,ACRU,101
166,ACRU,140
167,ACRU,120
168,ACRU,125
169,ACRU,129
170,ACRU,116
171,ACRU,132
172,ACRU,124
173,ACRU,117
174,ACRU,140
175,ACRU,133
176,ACRU,127
177,ACRU,128
178,ACRU,106
179,ACRU,121
180,ACRU,107
181,ACRU,138
182,ACRU,110
183,ACRU,106
184,ACRU,120
185,ACRU,108
186,ACRU,113
187,ACRU,116
188,ACRU,106
189,ACRU,90
190,ACRU,97
191,ACRU,93
192,ACRU,72
193,ACRU,100
194,ACRU,74
195,ACRU,61
196,ACRU,88
197,ACRU,99
198,ACRU,76
199,ACRU,85
200,ACRU,82
201,ACRU,97
202,ACRU,83
203,ACRU,76
204,ACRU,71
205,ACRU,72
206,ACRU,82
207,ACRU,113
208,ACRU,75
209,ACRU,112
210,ACRU,108
211,ACRU,99
212,ACRU,111
213,ACRU,124
214,ACRU,106
215,ACRU,113
216,ACRU,74
217,ACRU,99
218,ACRU,117
219,ACRU,114
220,ACRU,107
221,ACRU,100
222,ACRU,92
223,ACRU,91
224,ACRU,70
225,ACRU,85
226,ACRU,74
227,ACRU,84
228,ACRU,71
229,ACRU,70
230,ACRU,83
231,ACRU,78
232,ACRU,63
233,ACRU,68
234,ACRU,66
235,ACRU,65
236,ACRU,57
237,ACRU,55
238,ACRU,54
239,ACRU,66
240,ACRU,50
241,ACRU,63
242,ACRU,56
243,ACRU,68
244,ACRU,47
245,ACRU,44
246,ACRU,55
247,ACRU,39
248,ACRU,49
249,ACRU,22
0,ACSA,0
1,ACSA,0
2,ACSA,0
3,ACSA,0
4,ACSA,0
5,ACSA,0
6,ACSA,0
7,ACSA,0
8,ACSA,0
9,ACSA,0
10,ACSA,0
11,ACSA,0
12,ACSA,0
13,ACSA,0
14,ACSA,0
15,ACSA,0
16,ACSA,0
17,ACSA,0
18,ACSA,0
19,ACSA,0
20,ACSA,0
21,ACSA,0
22,ACSA,0
23,ACSA,0
24,ACSA,0
25,ACSA,0
26,ACSA,0
27,ACSA,0
28,ACSA,0
29,ACSA,0
30,ACSA,0
31,ACSA,0
32,ACSA,0
33,ACSA,0
34,ACSA,0
35,ACSA,0
36,ACSA,0
37,ACSA,0
38,ACSA,0
39,ACSA,0
40,ACSA,0
41,ACSA,0
42,ACSA,0
43,ACSA,0
44,ACSA,0
45,ACSA,0
46,ACSA,0
47,ACSA,0
48,ACSA,0
49,ACSA,0
50,ACSA,0
51,ACSA,0
52,ACSA,0
53,ACSA,0
54,ACSA,0
55,ACSA,0
56,ACSA,0
57,ACSA,0
58,ACSA,0
59,ACSA,0
60,ACSA,0
61,ACSA,0
62,ACSA,0
63,ACSA,0
64,ACSA,0
65,ACSA,0
66,ACSA,0
67,ACSA,0
68,ACSA,0
69,ACSA,0
70,ACSA,0
71,ACSA,0
72,ACSA,0
73,ACSA,0
74,ACSA,0
75,ACSA,0
76,ACSA,0
77,ACSA,0
78,ACSA,0
79,ACSA,0
80,ACSA,0
81,ACSA,0
82,ACSA,0
83,ACSA,0
84,ACSA,0
85,ACSA,0
86,ACSA,0
87,ACSA,0
88,ACSA,0
89,ACSA,0
90,ACSA,0
91,ACSA,0
92,ACSA,0
93,ACSA,0
94,ACSA,0
95,ACSA,0
96,ACSA,0
97,ACSA,0
98,ACSA,0
99,ACSA,0
100,ACSA,0
101,ACSA,0
102,ACSA,0
103,ACSA,0
104,ACSA,0
105,ACSA,0
106,ACSA,0
107,ACSA,0
108,ACSA,0
109,ACSA,0
110,ACSA,0
111,ACSA,0
112,ACSA,0
113,ACSA,0
114,ACSA,0
115,ACSA,0
116,ACSA,0
117,ACSA,0
118,ACSA,0
119,ACSA,0
120,ACSA,0
121,ACSA,0
122,ACSA,0
123,ACSA,0
124,ACSA,0
125,ACSA,0
126,ACSA,0
127,ACSA,0
128,ACSA,0
129,ACSA,0
130,ACSA,0
131,ACSA,0
132,ACSA,0
133,ACSA,0
134,ACSA,0
135,ACSA,0
136,ACSA,0
137,ACSA,0
138,ACSA,0
139,ACSA,0
140,ACSA,0
141,ACSA,0
142,ACSA,0
143,ACSA,0
144,ACSA,0
145,ACSA,0
146,ACSA,0
147,ACSA,0
148,ACSA,0
149,ACSA,0
150,ACSA,0
151,ACSA,0
152,ACSA,0
153,ACSA,0
154,ACSA,0
155,ACSA,0
156,ACSA,0
157,ACSA,0
158,ACSA,0
159,ACSA,0
160,ACSA,0
161,ACSA,0
162,ACSA,0
163,ACSA,0
164,ACSA,0
165,ACSA,0
166,ACSA,0
167,ACSA,0
168,ACSA,0
169,ACSA,0
170,ACSA,0
171,ACSA,0
172,ACSA,0
173,ACSA,0
174,ACSA,0
175,ACSA,0
176,ACSA,0
177,ACSA,0
178,ACSA,0
179,ACSA,0
180,ACSA,0
181,ACSA,0
182,ACSA,0
183,ACSA,0
184,ACSA,0
185,ACSA,0
186,ACSA,0
187,ACSA,0
188,ACSA,0
189,ACSA,0
190,ACSA,0
191,ACSA,0
192,ACSA,0
193,ACSA,0
194,ACSA,0
195,ACSA,0
196,ACSA,0
197,ACSA,0
198,ACSA,0
199,ACSA,0
200,ACSA,0
201,ACSA,0
202,ACSA,0
203,ACSA,0
204,ACSA,0
205,ACSA,0
206,ACSA,0
207,ACSA,0
208,ACSA,0
209,ACSA,0
210,ACSA,0
211,ACSA,0
212,ACSA,0
213,ACSA,0
214,ACSA,0
215,ACSA,0
216,ACSA,0
217,ACSA,0
218,ACSA,0
219,ACSA,0
220,ACSA,0
221,ACSA,0
222,ACSA,0
223,ACSA,0
224,ACSA,0
225,ACSA,0
226,ACSA,0
227,ACSA,0
228,ACSA,0
229,ACSA,0
230,ACSA,0
231,ACSA,0
232,ACSA,0
233,ACSA,0
234,ACSA,0
235,ACSA,0
236,ACSA,0
237,ACSA,0
238,ACSA,0
239,ACSA,0
240,ACSA,0
241,ACSA,0
242,ACSA,0
243,ACSA,0
244,ACSA,0
245,ACSA,0
246,ACSA,0
247,ACSA,0
248,ACSA,0
249,ACSA,0
0,ACRU,0
1,ACRU,0
2,ACRU,0
3,ACRU,0
4,ACRU,0
5,ACRU,0
6,ACRU,0
7,ACRU,0
8,ACRU,0
9,ACRU,0
10,ACRU,0
11,ACRU,0
12,ACRU,0
13,ACRU,0
14,ACRU,151
15,ACRU,388
16,ACRU,496
17,ACRU,536
18,ACRU,628
19,ACRU,699
20,ACRU,763
21,ACRU,706
22,ACRU,807
23,ACRU,809
24,ACRU,723
25,ACRU,799
26,ACRU,756
27,ACRU,753
28,ACRU,854
29,ACRU,757
30,ACRU,698
31,ACRU,698
32,ACRU,680
33,ACRU,651
34,ACRU,608
35,ACRU,600
36,ACRU,586
37,ACRU,511
38,ACRU,539
39,ACRU,485
40,ACRU,442
41,ACRU,453
42,ACRU,421
43,ACRU,412
44,ACRU,408
45,ACRU,364
46,ACRU,329
47,ACRU,310
48,ACRU,287
49,ACRU,293
50,ACRU,223
51,ACRU,247
52,ACRU,250
53,ACRU,242
54,ACRU,198
55,ACRU,171
56,ACRU,181
57,ACRU,190
58,ACRU,159
59,ACRU,144
60,ACRU,157
61,ACRU,112
62,ACRU,132
63,ACRU,149
64,ACRU,130
65,ACRU,127
66,ACRU,119
67,ACRU,113
68,ACRU,108
69,ACRU,92
70,ACRU,99
71,ACRU,101
72,ACRU,112
73,ACRU,95
74,ACRU,117
75,ACRU,127
76,ACRU,102
77,ACRU,128
78,ACRU,115
79,ACRU,105
80,ACRU,109
81,ACRU,117
82,ACRU,124
83,ACRU,127
84,ACRU,127
85,ACRU,105
86,ACRU,125
87,ACRU,160
88,ACRU,126
89,ACRU,149
90,ACRU,146
91,ACRU,137
92,ACRU,137
93,ACRU,149
94,ACRU,161
95,ACRU,151
96,ACRU,171
97,ACRU,182
98,ACRU,176
99,ACRU,155
100,ACRU,153
101,ACRU,196
102,ACRU,177
103,ACRU,207
104,ACRU,185
105,ACRU,206
106,ACRU,211
107,ACRU,218
108,ACRU,188
109,ACRU,219
110,ACRU,214
111,ACRU,239
112,ACRU,205
113,ACRU,241
114,ACRU,234
115,ACRU,249
116,ACRU,259
117,ACRU,220
118,ACRU,233
119,ACRU,262
120,ACRU,217
121,ACRU,213
122,ACRU,242
123,ACRU,215
124,ACRU,183
125,ACRU,196
126,ACRU,221
127,ACRU,189
128,ACRU,180
129,ACRU,222
130,ACRU,194
131,ACRU,180
132,ACRU,189
133,ACRU,189
134,ACRU,160
135,ACRU,166
136,ACRU,153
137,ACRU,171
138,ACRU,160
139,ACRU,162
140,ACRU,160
141,ACRU,192
142,ACRU,172
143,ACRU,141
144,ACRU,177
145,ACRU,165
146,ACRU,134
147,ACRU,141
148,ACRU,140
149,ACRU,153
150,ACRU,128
151,ACRU,151
152,ACRU,118
153,ACRU,156
154,ACRU,157
155,ACRU,135
156,ACRU,142
157,ACRU,135
158,ACRU,130
159,ACRU,121
160,ACRU,130
161,ACRU,137
162,ACRU,124
163,ACRU,120
164,ACRU,128
165,ACRU,101
166,ACRU,140
167,ACRU,120
168,ACRU,125
169,ACRU,129
170,ACRU,116
171,ACRU,132
172,ACRU,124
173,ACRU,117
174,ACRU,140
175,ACRU,133
176,ACRU,127
177,ACRU,128
178,ACRU,106
179,ACRU,121
180,ACRU,107
181,ACRU,138
182,ACRU,110
183,ACRU,106
184,ACRU,120
185,ACRU,108
186,ACRU,113
187,ACRU,116
188,ACRU,106
189,ACRU,90
190,ACRU,97
191,ACRU,93
192,ACRU,72
193,ACRU,100
194,ACRU,74
195,ACRU,61
196,ACRU,88
197,ACRU,99
198,ACRU,76
199,ACRU,85
200,ACRU,82
201,ACRU,97
202,ACRU,83
203,ACRU,76
204,ACRU,71
205,ACRU,72
206,ACRU,82
207,ACRU,113
208,ACRU,75
209,ACRU,112
210,ACRU,108
211,ACRU,99
212,ACRU,111
213,ACRU,124
214,ACRU,106
215,ACRU,113
216,ACRU,74
217,ACRU,99
218,ACRU,117
219,ACRU,114
220,ACRU,107
221,ACRU,100
222,ACRU,92
223,ACRU,91
224,ACRU,70
225,ACRU,85
226,ACRU,74
227,ACRU,84
228,ACRU,71
229,ACRU,70
230,ACRU,83
231,ACRU,78
232,ACRU,63
233,ACRU,68
234,ACRU,66
235,ACRU,65
236,ACRU,57
237,ACRU,55
238,ACRU,54
239,ACRU,66
240,ACRU,50
241,ACRU,63
242,ACRU,56
243,ACRU,68
244,ACRU,47
245,ACRU,44
246,ACRU,55
247,ACRU,39
248,ACRU,49
249,ACRU,22
0,BEAL,0
1,BEAL,0
2,BEAL,0
3,BEAL,0
4,BEAL,0
5,BEAL,0
6,BEAL,0
7,BEAL,0
8,BEAL,0
9,BEAL,0
10,BEAL,0
11,BEAL,0
12,BEAL,84
13,BEAL,132
14,BEAL,173
15,BEAL,134
16,BEAL,126
17,BEAL,133
18,BEAL,92
19,BEAL,99
20,BEAL,89
21,BEAL,94
22,BEAL,77
23,BEAL,77
24,BEAL,47
25,BEAL,58
26,BEAL,71
27,BEAL,72
28,BEAL,52
29,BEAL,55
30,BEAL,77
31,BEAL,51
32,BEAL,61
33,BEAL,52
34,BEAL,72
35,BEAL,68
36,BEAL,73
37,BEAL,63
38,BEAL,52
39,BEAL,51
40,BEAL,41
41,BEAL,45
42,BEAL,60
43,BEAL,49
44,BEAL,30
45,BEAL,47
46,BEAL,39
47,BEAL,45
48,BEAL,29
49,BEAL,50
50,BEAL,43
51,BEAL,49
52,BEAL,44
53,BEAL,31
54,BEAL,52
55,BEAL,27
56,BEAL,33
57,BEAL,49
58,BEAL,43
59,BEAL,36
60,BEAL,31
61,BEAL,52
62,BEAL,37
63,BEAL,38
64,BEAL,38
65,BEAL,47
66,BEAL,44
67,BEAL,36
68,BEAL,45
69,BEAL,53
70,BEAL,39
71,BEAL,49
72,BEAL,25
73,BEAL,40
74,BEAL,54
75,BEAL,40
76,BEAL,38
77,BEAL,58
78,BEAL,26
79,BEAL,49
80,BEAL,27
81,BEAL,43
82,BEAL,54
83,BEAL,49
84,BEAL,42
85,BEAL,47
86,BEAL,58
87,BEAL,40
88,BEAL,44
89,BEAL,36
90,BEAL,34
91,BEAL,53
92,BEAL,56
93,BEAL,36
94,BEAL,47
95,BEAL,48
96,BEAL,50
97,BEAL,42
98,BEAL,44
99,BEAL,62
100,BEAL,43
101,BEAL,60
102,BEAL,51
103,BEAL,54
104,BEAL,64
105,BEAL,67
106,BEAL,63
107,BEAL,64
108,BEAL,76
109,BEAL,38
110,BEAL,48
111,BEAL,75
112,BEAL,60
113,BEAL,57
114,BEAL,49
115,BEAL,72
116,BEAL,52
117,BEAL,50
118,BEAL,48
119,BEAL,66
120,BEAL,53
121,BEAL,59
122,BEAL,42
123,BEAL,45
124,BEAL,74
125,BEAL,50
126,BEAL,49
127,BEAL,64
128,BEAL,67
129,BEAL,78
130,BEAL,46
131,BEAL,65
132,BEAL,65
133,BEAL,52
134,BEAL,45
135,BEAL,65
136,BEAL,59
137,BEAL,45
138,BEAL,47
139,BEAL,52
140,BEAL,45
141,BEAL,55
142,BEAL,47
143,BEAL,53
144,BEAL,58
145,BEAL,62
146,BEAL,47
147,BEAL,56
148,BEAL,46
149,BEAL,51
150,BEAL,53
151,BEAL,56
152,BEAL,56
153,BEAL,40
154,BEAL,38
155,BEAL,52
156,BEAL,29
157,BEAL,43
158,BEAL,43
159,BEAL,56
160,BEAL,55
161,BEAL,50
162,BEAL,42
163,BEAL,37
164,BEAL,34
165,BEAL,42
166,BEAL,39
167,BEAL,36
168,BEAL,36
169,BEAL,41
170,BEAL,46
171,BEAL,45
172,BEAL,47
173,BEAL,51
174,BEAL,31
175,BEAL,37
176,BEAL,35
177,BEAL,39
178,BEAL,41
179,BEAL,63
180,BEAL,43
181,BEAL,42
182,BEAL,35
183,BEAL,51
184,BEAL,36
185,BEAL,16
186,BEAL,40
187,BEAL,40
188,BEAL,23
189,BEAL,39
190,BEAL,31
191,BEAL,32
192,BEAL,28
193,BEAL,53
194,BEAL,37
195,BEAL,30
196,BEAL,23
197,BEAL,43
198,BEAL,25
199,BEAL,32
200,BEAL,31
201,BEAL,36
202,BEAL,25
203,BEAL,33
204,BEAL,23
205,BEAL,30
206,BEAL,39
207,BEAL,20
208,BEAL,30
209,BEAL,52
210,BEAL,34
211,BEAL,29
212,BEAL,26
213,BEAL,28
214,BEAL,19
215,BEAL,27
216,BEAL,27
217,BEAL,33
218,BEAL,27
219,BEAL,27
220,BEAL,29
221,BEAL,34
222,BEAL,19
223,BEAL,30
224,BEAL,27
225,BEAL,36
226,BEAL,35
227,BEAL,21
228,BEAL,31
229,BEAL,20
230,BEAL,25
231,BEAL,10
232,BEAL,37
233,BEAL,22
234,BEAL,19
235,BEAL,23
236,BEAL,26
237,BEAL,21
238,BEAL,24
239,BEAL,25
240,BEAL,29
241,BEAL,12
242,BEAL,23
243,BEAL,33
244,BEAL,21
245,BEAL,11
246,BEAL,9
247,BEAL,15
248,BEAL,2
249,BEAL,13
0,BEPA,0
1,BEPA,0
2,BEPA,0
3,BEPA,0
4,BEPA,4
5,BEPA,0
6,BEPA,0
7,BEPA,0
8,BEPA,0
9,BEPA,0
10,BEPA,15
11,BEPA,139
12,BEPA,60
13,BEPA,46
14,BEPA,30
15,BEPA,34
16,BEPA,40
17,BEPA,26
18,BEPA,22
19,BEPA,17
20,BEPA,18
21,BEPA,13
22,BEPA,23
23,BEPA,18
24,BEPA,17
25,BEPA,13
26,BEPA,2
27,BEPA,12
28,BEPA,11
29,BEPA,14
30,BEPA,7
31,BEPA,7
32,BEPA,10
33,BEPA,9
34,BEPA,5
35,BEPA,4
36,BEPA,4
37,BEPA,0
38,BEPA,0
39,BEPA,9
40,BEPA,1
41,BEPA,0
42,BEPA,0
43,BEPA,2
44,BEPA,0
45,BEPA,1
46,BEPA,1
47,BEPA,0
48,BEPA,1
49,BEPA,0
50,BEPA,3
51,BEPA,2
52,BEPA,0
53,BEPA,3
54,BEPA,0
55,BEPA,3
56,BEPA,0
57,BEPA,1
58,BEPA,0
59,BEPA,2
60,BEPA,1
61,BEPA,0
62,BEPA,0
63,BEPA,1
64,BEPA,0
65,BEPA,1
66,BEPA,2
67,BEPA,0
68,BEPA,1
69,BEPA,2
70,BEPA,0
71,BEPA,0
72,BEPA,1
73,BEPA,0
74,BEPA,0
75,BEPA,0
76,BEPA,2
77,BEPA,0
78,BEPA,3
79,BEPA,0
80,BEPA,0
81,BEPA,3
82,BEPA,0
83,BEPA,1
84,BEPA,0
85,BEPA,0
86,BEPA,0
87,BEPA,0
88,BEPA,0
89,BEPA,0
90,BEPA,0
91,BEPA,4
92,BEPA,0
93,BEPA,1
94,BEPA,0
95,BEPA,2
96,BEPA,0
97,BEPA,2
98,BEPA,0
99,BEPA,0
100,BEPA,0
101,BEPA,2
102,BEPA,0
103,BEPA,0
104,BEPA,2
105,BEPA,0
106,BEPA,1
107,BEPA,3
108,BEPA,0
109,BEPA,0
110,BEPA,1
111,BEPA,0
112,BEPA,3
113,BEPA,0
114,BEPA,0
115,BEPA,0
116,BEPA,2
117,BEPA,0
118,BEPA,2
119,BEPA,0
120,BEPA,4
121,BEPA,1
122,BEPA,0
123,BEPA,2
124,BEPA,0
125,BEPA,1
126,BEPA,0
127,BEPA,0
128,BEPA,1
129,BEPA,1
130,BEPA,1
131,BEPA,0
132,BEPA,0
133,BEPA,1
134,BEPA,0
135,BEPA,1
136,BEPA,0
137,BEPA,0
138,BEPA,1
139,BEPA,0
140,BEPA,0
141,BEPA,1
142,BEPA,0
143,BEPA,1
144,BEPA,0
145,BEPA,1
146,BEPA,0
147,BEPA,1
148,BEPA,0
149,BEPA,1
150,BEPA,2
151,BEPA,1
152,BEPA,0
153,BEPA,0
154,BEPA,0
155,BEPA,2
156,BEPA,0
157,BEPA,0
158,BEPA,1
159,BEPA,0
160,BEPA,0
161,BEPA,0
162,BEPA,0
163,BEPA,0
164,BEPA,0
165,BEPA,0
166,BEPA,0
167,BEPA,0
168,BEPA,1
169,BEPA,0
170,BEPA,0
171,BEPA,0
172,BEPA,0
173,BEPA,0
174,BEPA,0
175,BEPA,0
176,BEPA,1
177,BEPA,0
178,BEPA,2
179,BEPA,0
180,BEPA,0
181,BEPA,0
182,BEPA,0
183,BEPA,0
184,BEPA,0
185,BEPA,0
186,BEPA,1
187,BEPA,0
188,BEPA,0
189,BEPA,1
190,BEPA,1
191,BEPA,0
192,BEPA,0
193,BEPA,1
194,BEPA,0
195,BEPA,0
196,BEPA,0
197,BEPA,0
198,BEPA,0
199,BEPA,0
200,BEPA,0
201,BEPA,0
202,BEPA,0
203,BEPA,0
204,BEPA,0
205,BEPA,0
206,BEPA,0
207,BEPA,0
208,BEPA,0
209,BEPA,0
210,BEPA,0
211,BEPA,0
212,BEPA,0
213,BEPA,1
214,BEPA,1
215,BEPA,0
216,BEPA,1
217,BEPA,0
218,BEPA,0
219,BEPA,0
220,BEPA,0
221,BEPA,0
222,BEPA,0
223,BEPA,0
224,BEPA,0
225,BEPA,0
226,BEPA,0
227,BEPA,0
228,BEPA,0
229,BEPA,0
230,BEPA,0
231,BEPA,0
232,BEPA,0
233,BEPA,0
234,BEPA,0
235,BEPA,0
236,BEPA,0
237,BEPA,0
238,BEPA,0
239,BEPA,0
240,BEPA,0
241,BEPA,0
242,BEPA,0
243,BEPA,0
244,BEPA,0
245,BEPA,0
246,BEPA,0
247,BEPA,0
248,BEPA,0
249,BEPA,0
0,BELE,0
1,BELE,1
2,BELE,0
3,BELE,0
4,BELE,0
5,BELE,0
6,BELE,0
7,BELE,0
8,BELE,0
9,BELE,0
10,BELE,43
11,BELE,212
12,BELE,101
13,BELE,76
14,BELE,66
15,BELE,60
16,BELE,56
17,BELE,55
18,BELE,67
19,BELE,56
20,BELE,42
21,BELE,39
22,BELE,47
23,BELE,37
24,BELE,38
25,BELE,34
26,BELE,29
27,BELE,38
28,BELE,21
29,BELE,17
30,BELE,25
31,BELE,22
32,BELE,20
33,BELE,19
34,BELE,22
35,BELE,20
36,BELE,14
37,BELE,14
38,BELE,12
39,BELE,15
40,BELE,12
41,BELE,8
42,BELE,14
43,BELE,13
44,BELE,4
45,BELE,11
46,BELE,9
47,BELE,4
48,BELE,10
49,BELE,3
50,BELE,0
51,BELE,0
52,BELE,10
53,BELE,4
54,BELE,0
55,BELE,4
56,BELE,5
57,BELE,5
58,BELE,0
59,BELE,2
60,BELE,1
61,BELE,0
62,BELE,1
63,BELE,4
64,BELE,2
65,BELE,4
66,BELE,0
67,BELE,0
68,BELE,2
69,BELE,1
70,BELE,4
71,BELE,2
72,BELE,0
73,BELE,4
74,BELE,1
75,BELE,1
76,BELE,0
77,BELE,0
78,BELE,0
79,BELE,3
80,BELE,6
81,BELE,0
82,BELE,2
83,BELE,2
84,BELE,1
85,BELE,1
86,BELE,1
87,BELE,4
88,BELE,2
89,BELE,8
90,BELE,1
91,BELE,5
92,BELE,0
93,BELE,4
94,BELE,3
95,BELE,4
96,BELE,2
97,BELE,2
98,BELE,2
99,BELE,4
100,BELE,1
101,BELE,2
102,BELE,4
103,BELE,2
104,BELE,0
105,BELE,8
106,BELE,1
107,BELE,5
108,BELE,12
109,BELE,0
110,BELE,4
111,BELE,5
112,BELE,0
113,BELE,4
114,BELE,5
115,BELE,3
116,BELE,4
117,BELE,9
118,BELE,4
119,BELE,2
120,BELE,8
121,BELE,1
122,BELE,4
123,BELE,0
124,BELE,4
125,BELE,0
126,BELE,8
127,BELE,4
128,BELE,4
129,BELE,5
130,BELE,3
131,BELE,4
132,BELE,1
133,BELE,4
134,BELE,2
135,BELE,2
136,BELE,5
137,BELE,2
138,BELE,0
139,BELE,2
140,BELE,6
141,BELE,0
142,BELE,3
143,BELE,5
144,BELE,3
145,BELE,5
146,BELE,2
147,BELE,1
148,BELE,4
149,BELE,0
150,BELE,0
151,BELE,0
152,BELE,4
153,BELE,10
154,BELE,1
155,BELE,2
156,BELE,3
157,BELE,5
158,BELE,1
159,BELE,0
160,BELE,2
161,BELE,1
162,BELE,0
163,BELE,2
164,BELE,0
165,BELE,2
166,BELE,0
167,BELE,4
168,BELE,5
169,BELE,0
170,BELE,2
171,BELE,4
172,BELE,0
173,BELE,3
174,BELE,0
175,BELE,5
176,BELE,5
177,BELE,1
178,BELE,1
179,BELE,0
180,BELE,0
181,BELE,2
182,BELE,1
183,BELE,2
184,BELE,1
185,BELE,1
186,BELE,0
187,BELE,2
188,BELE,1
189,BELE,2
190,BELE,0
191,BELE,0
192,BELE,0
193,BELE,1
194,BELE,1
195,BELE,3
196,BELE,0
197,BELE,2
198,BELE,0
199,BELE,0
200,BELE,1
201,BELE,1
202,BELE,1
203,BELE,1
204,BELE,0
205,BELE,1
206,BELE,0
207,BELE,1
208,BELE,0
209,BELE,0
210,BELE,0
211,BELE,1
212,BELE,0
213,BELE,2
214,BELE,0
215,BELE,0
216,BELE,0
217,BELE,0
218,BELE,1
219,BELE,0
220,BELE,0
221,BELE,1
222,BELE,0
223,BELE,0
224,BELE,0
225,BELE,0
226,BELE,0
227,BELE,0
228,BELE,0
229,BELE,0
230,BELE,0
231,BELE,0
232,BELE,1
233,BELE,0
234,BELE,0
235,BELE,0
236,BELE,0
237,BELE,0
238,BELE,0
239,BELE,0
240,BELE,0
241,BELE,0
242,BELE,0
243,BELE,1
244,BELE,0
245,BELE,0
246,BELE,0
247,BELE,0
248,BELE,1
249,BELE,0
0,FAGR,0
1,FAGR,2
2,FAGR,0
3,FAGR,0
4,FAGR,0
5,FAGR,0
6,FAGR,0
7,FAGR,0
8,FAGR,2
9,FAGR,0
10,FAGR,0
11,FAGR,1
12,FAGR,0
13,FAGR,0
14,FAGR,362
15,FAGR,212
16,FAGR,290
17,FAGR,314
18,FAGR,337
19,FAGR,347
20,FAGR,302
21,FAGR,304
22,FAGR,298
23,FAGR,260
24,FAGR,255
25,FAGR,246
26,FAGR,252
27,FAGR,261
28,FAGR,244
29,FAGR,238
30,FAGR,274
31,FAGR,242
32,FAGR,246
33,FAGR,247
34,FAGR,225
35,FAGR,198
36,FAGR,197
37,FAGR,233
38,FAGR,221
39,FAGR,221
40,FAGR,246
41,FAGR,227
42,FAGR,242
43,FAGR,258
44,FAGR,217
45,FAGR,223
46,FAGR,221
47,FAGR,208
48,FAGR,221
49,FAGR,240
50,FAGR,244
51,FAGR,234
52,FAGR,228
53,FAGR,211
54,FAGR,209
55,FAGR,187
56,FAGR,213
57,FAGR,199
58,FAGR,215
59,FAGR,238
60,FAGR,233
61,FAGR,203
62,FAGR,249
63,FAGR,225
64,FAGR,231
65,FAGR,213
66,FAGR,207
67,FAGR,217
68,FAGR,194
69,FAGR,204
70,FAGR,219
71,FAGR,212
72,FAGR,192
73,FAGR,155
74,FAGR,193
75,FAGR,216
76,FAGR,202
77,FAGR,214
78,FAGR,191
79,FAGR,185
80,FAGR,181
81,FAGR,218
82,FAGR,189
83,FAGR,202
84,FAGR,210
85,FAGR,204
86,FAGR,188
87,FAGR,184
88,FAGR,188
89,FAGR,191
90,FAGR,188
91,FAGR,198
92,FAGR,156
93,FAGR,190
94,FAGR,196
95,FAGR,173
96,FAGR,182
97,FAGR,194
98,FAGR,170
99,FAGR,176
100,FAGR,178
101,FAGR,155
102,FAGR,159
103,FAGR,164
104,FAGR,176
105,FAGR,170
106,FAGR,160
107,FAGR,165
108,FAGR,165
109,FAGR,169
110,FAGR,190
111,FAGR,176
112,FAGR,183
113,FAGR,172
114,FAGR,161
115,FAGR,165
116,FAGR,158
117,FAGR,170
118,FAGR,158
119,FAGR,198
120,FAGR,184
121,FAGR,187
122,FAGR,147
123,FAGR,158
124,FAGR,184
125,FAGR,164
126,FAGR,149
127,FAGR,151
128,FAGR,171
129,FAGR,151
130,FAGR,174
131,FAGR,153
132,FAGR,155
133,FAGR,139
134,FAGR,162
135,FAGR,147
136,FAGR,180
137,FAGR,164
138,FAGR,181
139,FAGR,154
140,FAGR,144
141,FAGR,144
142,FAGR,129
143,FAGR,148
144,FAGR,148
145,FAGR,147
146,FAGR,166
147,FAGR,164
148,FAGR,145
149,FAGR,143
150,FAGR,137
151,FAGR,119
152,FAGR,163
153,FAGR,167
154,FAGR,138
155,FAGR,130
156,FAGR,139
157,FAGR,144
158,FAGR,134
159,FAGR,128
160,FAGR,138
161,FAGR,138
162,FAGR,128
163,FAGR,136
164,FAGR,128
165,FAGR,137
166,FAGR,128
167,FAGR,101
168,FAGR,118
169,FAGR,129
170,FAGR,143
171,FAGR,125
172,FAGR,144
173,FAGR,145
174,FAGR,144
175,FAGR,130
176,FAGR,161
177,FAGR,139
178,FAGR,119
179,FAGR,140
180,FAGR,133
181,FAGR,154
182,FAGR,145
183,FAGR,154
184,FAGR,150
185,FAGR,129
186,FAGR,128
187,FAGR,118
188,FAGR,142
189,FAGR,141
190,FAGR,123
191,FAGR,145
192,FAGR,121
193,FAGR,131
194,FAGR,127
195,FAGR,145
196,FAGR,129
197,FAGR,111
198,FAGR,143
199,FAGR,135
200,FAGR,148
201,FAGR,136
202,FAGR,131
203,FAGR,142
204,FAGR,149
205,FAGR,129
206,FAGR,155
207,FAGR,147
208,FAGR,140
209,FAGR,159
210,FAGR,136
211,FAGR,137
212,FAGR,120
213,FAGR,148
214,FAGR,135
215,FAGR,120
216,FAGR,136
217,FAGR,128
218,FAGR,151
219,FAGR,120
220,FAGR,128
221,FAGR,134
222,FAGR,136
223,FAGR,114
224,FAGR,133
225,FAGR,137
226,FAGR,145
227,FAGR,138
228,FAGR,142
229,FAGR,128
230,FAGR,138
231,FAGR,126
232,FAGR,105
233,FAGR,120
234,FAGR,122
235,FAGR,133
236,FAGR,125
237,FAGR,117
238,FAGR,103
239,FAGR,134
240,FAGR,127
241,FAGR,110
242,FAGR,116
243,FAGR,130
244,FAGR,134
245,FAGR,120
246,FAGR,130
247,FAGR,124
248,FAGR,107
249,FAGR,126
0,TSCA,0
1,TSCA,0
2,TSCA,0
3,TSCA,0
4,TSCA,0
5,TSCA,0
6,TSCA,0
7,TSCA,0
8,TSCA,0
9,TSCA,0
10,TSCA,335
11,TSCA,76
12,TSCA,134
13,TSCA,226
14,TSCA,288
15,TSCA,361
16,TSCA,546
17,TSCA,513
18,TSCA,566
19,TSCA,662
20,TSCA,696
21,TSCA,744
22,TSCA,828
23,TSCA,794
24,TSCA,935
25,TSCA,961
26,TSCA,1007
27,TSCA,1091
28,TSCA,1099
29,TSCA,1073
30,TSCA,1200
31,TSCA,1231
32,TSCA,1180
33,TSCA,1216
34,TSCA,1275
35,TSCA,1237
36,TSCA,1225
37,TSCA,1205
38,TSCA,1311
39,TSCA,1284
40,TSCA,1349
41,TSCA,1453
42,TSCA,1422
43,TSCA,1435
44,TSCA,1335
45,TSCA,1417
46,TSCA,1357
47,TSCA,1372
48,TSCA,1457
49,TSCA,1361
50,TSCA,1443
51,TSCA,1307
52,TSCA,1402
53,TSCA,1397
54,TSCA,1354
55,TSCA,1327
56,TSCA,1316
57,TSCA,1367
58,TSCA,1307
59,TSCA,1409
60,TSCA,1411
61,TSCA,1508
62,TSCA,1457
63,TSCA,1477
64,TSCA,1427
65,TSCA,1399
66,TSCA,1377
67,TSCA,1386
68,TSCA,1360
69,TSCA,1342
70,TSCA,1408
71,TSCA,1381
72,TSCA,1435
73,TSCA,1348
74,TSCA,1403
75,TSCA,1494
76,TSCA,1415
77,TSCA,1552
78,TSCA,1557
79,TSCA,1496
80,TSCA,1481
81,TSCA,1522
82,TSCA,1492
83,TSCA,1611
84,TSCA,1674
85,TSCA,1524
86,TSCA,1617
87,TSCA,1603
88,TSCA,1736
89,TSCA,1620
90,TSCA,1787
91,TSCA,1600
92,TSCA,1705
93,TSCA,1682
94,TSCA,1695
95,TSCA,1599
96,TSCA,1718
97,TSCA,1681
98,TSCA,1781
99,TSCA,1783
100,TSCA,1723
101,TSCA,1720
102,TSCA,1782
103,TSCA,1741
104,TSCA,1886
105,TSCA,1833
106,TSCA,1809
107,TSCA,1874
108,TSCA,1863
109,TSCA,1889
110,TSCA,1999
111,TSCA,1965
112,TSCA,2054
113,TSCA,2044
114,TSCA,2100
115,TSCA,2074
116,TSCA,1998
117,TSCA,2160
118,TSCA,2166
119,TSCA,2132
120,TSCA,2161
121,TSCA,2229
122,TSCA,2252
123,TSCA,2392
124,TSCA,2515
125,TSCA,2587
126,TSCA,2479
127,TSCA,2549
128,TSCA,2491
129,TSCA,2488
130,TSCA,2626
131,TSCA,2544
132,TSCA,2634
133,TSCA,2831
134,TSCA,2712
135,TSCA,2819
136,TSCA,2804
137,TSCA,2833
138,TSCA,2713
139,TSCA,2675
140,TSCA,2740
141,TSCA,2794
142,TSCA,2977
143,TSCA,2923
144,TSCA,2961
145,TSCA,2868
146,TSCA,2733
147,TSCA,2915
148,TSCA,2857
149,TSCA,2815
150,TSCA,2960
151,TSCA,2965
152,TSCA,3066
153,TSCA,3122
154,TSCA,3087
155,TSCA,3108
156,TSCA,3271
157,TSCA,3308
158,TSCA,3490
159,TSCA,3429
160,TSCA,3126
161,TSCA,2956
162,TSCA,3184
163,TSCA,2972
164,TSCA,3106
165,TSCA,3235
166,TSCA,3131
167,TSCA,3224
168,TSCA,3011
169,TSCA,2887
170,TSCA,2958
171,TSCA,3111
172,TSCA,3102
173,TSCA,2955
174,TSCA,3017
175,TSCA,3177
176,TSCA,3087
177,TSCA,3270
178,TSCA,2947
179,TSCA,2955
180,TSCA,2966
181,TSCA,3067
182,TSCA,3017
183,TSCA,3321
184,TSCA,3164
185,TSCA,3111
186,TSCA,2907
187,TSCA,2891
188,TSCA,2856
189,TSCA,2802
190,TSCA,2764
191,TSCA,2796
192,TSCA,2897
193,TSCA,2976
194,TSCA,3025
195,TSCA,2932
196,TSCA,2870
197,TSCA,3040
198,TSCA,3186
199,TSCA,3293
200,TSCA,3105
201,TSCA,3260
202,TSCA,3500
203,TSCA,3434
204,TSCA,3525
205,TSCA,3555
206,TSCA,3568
207,TSCA,3892
208,TSCA,3558
209,TSCA,3375
210,TSCA,3157
211,TSCA,3160
212,TSCA,3075
213,TSCA,3159
214,TSCA,3216
215,TSCA,3011
216,TSCA,2785
217,TSCA,2856
218,TSCA,2860
219,TSCA,2920
220,TSCA,2887
221,TSCA,3043
222,TSCA,2997
223,TSCA,2913
224,TSCA,2841
225,TSCA,2933
226,TSCA,2998
227,TSCA,2889
228,TSCA,2905
229,TSCA,2921
230,TSCA,2868
231,TSCA,2781
232,TSCA,2646
233,TSCA,2607
234,TSCA,2702
235,TSCA,2633
236,TSCA,2713
237,TSCA,2771
238,TSCA,2787
239,TSCA,2800
240,TSCA,2889
241,TSCA,2957
242,TSCA,2775
243,TSCA,2812
244,TSCA,2630
245,TSCA,2638
246,TSCA,2472
247,TSCA,2347
248,TSCA,2465
249,TSCA,2494
0,FRAM,0
1,FRAM,0
2,FRAM,0
3,FRAM,0
4,FRAM,0
5,FRAM,0
6,FRAM,0
7,FRAM,0
8,FRAM,0
9,FRAM,0
10,FRAM,14
11,FRAM,124
12,FRAM,59
13,FRAM,29
14,FRAM,23
15,FRAM,33
16,FRAM,23
17,FRAM,13
18,FRAM,15
19,FRAM,11
20,FRAM,12
21,FRAM,2
22,FRAM,5
23,FRAM,2
24,FRAM,9
25,FRAM,2
26,FRAM,8
27,FRAM,8
28,FRAM,1
29,FRAM,6
30,FRAM,7
31,FRAM,0
32,FRAM,5
33,FRAM,6
34,FRAM,4
35,FRAM,4
36,FRAM,4
37,FRAM,3
38,FRAM,3
39,FRAM,6
40,FRAM,4
41,FRAM,3
42,FRAM,0
43,FRAM,3
44,FRAM,5
45,FRAM,0
46,FRAM,5
47,FRAM,2
48,FRAM,2
49,FRAM,2
50,FRAM,3
51,FRAM,0
52,FRAM,2
53,FRAM,3
54,FRAM,1
55,FRAM,0
56,FRAM,3
57,FRAM,1
58,FRAM,2
59,FRAM,1
60,FRAM,0
61,FRAM,0
62,FRAM,0
63,FRAM,0
64,FRAM,1
65,FRAM,0
66,FRAM,1
67,FRAM,1
68,FRAM,1
69,FRAM,0
70,FRAM,0
71,FRAM,0
72,FRAM,3
73,FRAM,0
74,FRAM,0
75,FRAM,0
76,FRAM,1
77,FRAM,3
78,FRAM,1
79,FRAM,3
80,FRAM,0
81,FRAM,0
82,FRAM,3
83,FRAM,0
84,FRAM,3
85,FRAM,1
86,FRAM,3
87,FRAM,2
88,FRAM,0
89,FRAM,2
90,FRAM,4
91,FRAM,0
92,FRAM,3
93,FRAM,5
94,FRAM,0
95,FRAM,3
96,FRAM,0
97,FRAM,4
98,FRAM,2
99,FRAM,0
100,FRAM,2
101,FRAM,3
102,FRAM,5
103,FRAM,2
104,FRAM,2
105,FRAM,4
106,FRAM,2
107,FRAM,4
108,FRAM,2
109,FRAM,5
110,FRAM,5
111,FRAM,5
112,FRAM,2
113,FRAM,2
114,FRAM,4
115,FRAM,4
116,FRAM,2
117,FRAM,5
118,FRAM,2
119,FRAM,7
120,FRAM,1
121,FRAM,3
122,FRAM,3
123,FRAM,0
124,FRAM,3
125,FRAM,6
126,FRAM,0
127,FRAM,4
128,FRAM,2
129,FRAM,4
130,FRAM,5
131,FRAM,2
132,FRAM,7
133,FRAM,5
134,FRAM,3
135,FRAM,3
136,FRAM,1
137,FRAM,6
138,FRAM,0
139,FRAM,2
140,FRAM,3
141,FRAM,6
142,FRAM,2
143,FRAM,3
144,FRAM,4
145,FRAM,8
146,FRAM,1
147,FRAM,4
148,FRAM,5
149,FRAM,4
150,FRAM,7
151,FRAM,0
152,FRAM,5
153,FRAM,2
154,FRAM,3
155,FRAM,2
156,FRAM,1
157,FRAM,3
158,FRAM,3
159,FRAM,1
160,FRAM,1
161,FRAM,3
162,FRAM,1
163,FRAM,2
164,FRAM,3
165,FRAM,0
166,FRAM,3
167,FRAM,0
168,FRAM,4
169,FRAM,4
170,FRAM,0
171,FRAM,4
172,FRAM,8
173,FRAM,4
174,FRAM,0
175,FRAM,2
176,FRAM,2
177,FRAM,3
178,FRAM,0
179,FRAM,0
180,FRAM,1
181,FRAM,1
182,FRAM,0
183,FRAM,0
184,FRAM,0
185,FRAM,1
186,FRAM,1
187,FRAM,0
188,FRAM,1
189,FRAM,0
190,FRAM,0
191,FRAM,1
192,FRAM,2
193,FRAM,0
194,FRAM,0
195,FRAM,0
196,FRAM,1
197,FRAM,1
198,FRAM,1
199,FRAM,2
200,FRAM,3
201,FRAM,0
202,FRAM,2
203,FRAM,2
204,FRAM,1
205,FRAM,2
206,FRAM,4
207,FRAM,2
208,FRAM,4
209,FRAM,3
210,FRAM,2
211,FRAM,0
212,FRAM,0
213,FRAM,0
214,FRAM,1
215,FRAM,0
216,FRAM,0
217,FRAM,0
218,FRAM,0
219,FRAM,1
220,FRAM,1
221,FRAM,0
222,FRAM,0
223,FRAM,0
224,FRAM,1
225,FRAM,0
226,FRAM,1
227,FRAM,0
228,FRAM,0
229,FRAM,0
230,FRAM,0
231,FRAM,0
232,FRAM,0
233,FRAM,0
234,FRAM,1
235,FRAM,0
236,FRAM,1
237,FRAM,1
238,FRAM,0
239,FRAM,0
240,FRAM,0
241,FRAM,0
242,FRAM,0
243,FRAM,0
244,FRAM,1
245,FRAM,0
246,FRAM,1
247,FRAM,0
248,FRAM,1
249,FRAM,0
0,PIST,0
1,PIST,0
2,PIST,0
3,PIST,0
4,PIST,0
5,PIST,0
6,PIST,0
7,PIST,0
8,PIST,0
9,PIST,0
10,PIST,0
11,PIST,169
12,PIST,243
13,PIST,338
14,PIST,443
15,PIST,461
16,PIST,538
17,PIST,580
18,PIST,635
19,PIST,624
20,PIST,733
21,PIST,731
22,PIST,767
23,PIST,814
24,PIST,854
25,PIST,866
26,PIST,895
27,PIST,863
28,PIST,934
29,PIST,894
30,PIST,784
31,PIST,865
32,PIST,854
33,PIST,844
34,PIST,854
35,PIST,942
36,PIST,900
37,PIST,837
38,PIST,801
39,PIST,750
40,PIST,814
41,PIST,749
42,PIST,761
43,PIST,773
44,PIST,776
45,PIST,774
46,PIST,745
47,PIST,767
48,PIST,769
49,PIST,781
50,PIST,758
51,PIST,704
52,PIST,743
53,PIST,710
54,PIST,707
55,PIST,633
56,PIST,662
57,PIST,670
58,PIST,604
59,PIST,627
60,PIST,628
61,PIST,671
62,PIST,589
63,PIST,628
64,PIST,647
65,PIST,637
66,PIST,622
67,PIST,640
68,PIST,597
69,PIST,630
70,PIST,589
71,PIST,643
72,PIST,579
73,PIST,628
74,PIST,591
75,PIST,638
76,PIST,606
77,PIST,644
78,PIST,603
79,PIST,664
80,PIST,660
81,PIST,667
82,PIST,741
83,PIST,700
84,PIST,707
85,PIST,715
86,PIST,749
87,PIST,797
88,PIST,811
89,PIST,816
90,PIST,872
91,PIST,853
92,PIST,857
93,PIST,858
94,PIST,901
95,PIST,955
96,PIST,968
97,PIST,977
98,PIST,1037
99,PIST,1054
100,PIST,1022
101,PIST,1062
102,PIST,1081
103,PIST,1072
104,PIST,1108
105,PIST,1053
106,PIST,1116
107,PIST,1155
108,PIST,1181
109,PIST,1137
110,PIST,1106
111,PIST,1161
112,PIST,1157
113,PIST,1181
114,PIST,1097
115,PIST,1096
116,PIST,1089
117,PIST,1009
118,PIST,1066
119,PIST,1069
120,PIST,1060
121,PIST,1057
122,PIST,1052
123,PIST,1016
124,PIST,1093
125,PIST,1117
126,PIST,988
127,PIST,1057
128,PIST,995
129,PIST,1022
130,PIST,999
131,PIST,979
132,PIST,995
133,PIST,988
134,PIST,994
135,PIST,874
136,PIST,920
137,PIST,932
138,PIST,942
139,PIST,903
140,PIST,898
141,PIST,956
142,PIST,873
143,PIST,905
144,PIST,834
145,PIST,841
146,PIST,810
147,PIST,845
148,PIST,844
149,PIST,770
150,PIST,844
151,PIST,835
152,PIST,920
153,PIST,840
154,PIST,796
155,PIST,821
156,PIST,883
157,PIST,808
158,PIST,850
159,PIST,782
160,PIST,789
161,PIST,721
162,PIST,755
163,PIST,822
164,PIST,792
165,PIST,722
166,PIST,762
167,PIST,756
168,PIST,790
169,PIST,789
170,PIST,749
171,PIST,740
172,PIST,739
173,PIST,791
174,PIST,782
175,PIST,809
176,PIST,787
177,PIST,775
178,PIST,761
179,PIST,693
180,PIST,765
181,PIST,738
182,PIST,754
183,PIST,728
184,PIST,754
185,PIST,719
186,PIST,770
187,PIST,760
188,PIST,723
189,PIST,700
190,PIST,707
191,PIST,752
192,PIST,757
193,PIST,687
194,PIST,824
195,PIST,795
196,PIST,760
197,PIST,835
198,PIST,806
199,PIST,805
200,PIST,847
201,PIST,802
202,PIST,786
203,PIST,767
204,PIST,799
205,PIST,753
206,PIST,783
207,PIST,874
208,PIST,907
209,PIST,854
210,PIST,858
211,PIST,915
212,PIST,893
213,PIST,867
214,PIST,895
215,PIST,947
216,PIST,980
217,PIST,958
218,PIST,978
219,PIST,966
220,PIST,909
221,PIST,984
222,PIST,960
223,PIST,997
224,PIST,988
225,PIST,980
226,PIST,932
227,PIST,983
228,PIST,994
229,PIST,999
230,PIST,929
231,PIST,951
232,PIST,895
233,PIST,952
234,PIST,915
235,PIST,918
236,PIST,977
237,PIST,880
238,PIST,880
239,PIST,907
240,PIST,867
241,PIST,815
242,PIST,793
243,PIST,847
244,PIST,825
245,PIST,792
246,PIST,833
247,PIST,751
248,PIST,759
249,PIST,734
0,PRSE,0
1,PRSE,0
2,PRSE,2
3,PRSE,0
4,PRSE,0
5,PRSE,0
6,PRSE,0
7,PRSE,0
8,PRSE,0
9,PRSE,297
10,PRSE,110
11,PRSE,111
12,PRSE,118
13,PRSE,101
14,PRSE,83
15,PRSE,47
16,PRSE,54
17,PRSE,23
18,PRSE,33
19,PRSE,33
20,PRSE,26
21,PRSE,24
22,PRSE,18
23,PRSE,15
24,PRSE,17
25,PRSE,19
26,PRSE,12
27,PRSE,17
28,PRSE,16
29,PRSE,18
30,PRSE,14
31,PRSE,17
32,PRSE,26
33,PRSE,20
34,PRSE,20
35,PRSE,15
36,PRSE,16
37,PRSE,18
38,PRSE,22
39,PRSE,20
40,PRSE,15
41,PRSE,14
42,PRSE,20
43,PRSE,13
44,PRSE,13
45,PRSE,13
46,PRSE,13
47,PRSE,14
48,PRSE,7
49,PRSE,8
50,PRSE,17
51,PRSE,8
52,PRSE,10
53,PRSE,20
54,PRSE,25
55,PRSE,11
56,PRSE,7
57,PRSE,14
58,PRSE,12
59,PRSE,15
60,PRSE,12
61,PRSE,10
62,PRSE,13
63,PRSE,17
64,PRSE,11
65,PRSE,17
66,PRSE,16
67,PRSE,13
68,PRSE,7
69,PRSE,15
70,PRSE,11
71,PRSE,6
72,PRSE,6
73,PRSE,12
74,PRSE,14
75,PRSE,12
76,PRSE,20
77,PRSE,14
78,PRSE,11
79,PRSE,4
80,PRSE,6
81,PRSE,7
82,PRSE,10
83,PRSE,9
84,PRSE,10
85,PRSE,10
86,PRSE,10
87,PRSE,12
88,PRSE,16
89,PRSE,11
90,PRSE,6
91,PRSE,8
92,PRSE,4
93,PRSE,12
94,PRSE,6
95,PRSE,6
96,PRSE,3
97,PRSE,8
98,PRSE,6
99,PRSE,10
100,PRSE,15
101,PRSE,7
102,PRSE,5
103,PRSE,14
104,PRSE,13
105,PRSE,10
106,PRSE,7
107,PRSE,12
108,PRSE,7
109,PRSE,9
110,PRSE,7
111,PRSE,9
112,PRSE,8
113,PRSE,4
114,PRSE,13
115,PRSE,4
116,PRSE,8
117,PRSE,9
118,PRSE,4
119,PRSE,6
120,PRSE,7
121,PRSE,8
122,PRSE,4
123,PRSE,3
124,PRSE,4
125,PRSE,2
126,PRSE,0
127,PRSE,4
128,PRSE,1
129,PRSE,1
130,PRSE,1
131,PRSE,2
132,PRSE,2
133,PRSE,3
134,PRSE,2
135,PRSE,1
136,PRSE,2
137,PRSE,3
138,PRSE,3
139,PRSE,0
140,PRSE,0
141,PRSE,1
142,PRSE,0
143,PRSE,1
144,PRSE,0
145,PRSE,2
146,PRSE,6
147,PRSE,3
148,PRSE,0
149,PRSE,1
150,PRSE,0
151,PRSE,1
152,PRSE,1
153,PRSE,0
154,PRSE,2
155,PRSE,1
156,PRSE,1
157,PRSE,0
158,PRSE,0
159,PRSE,0
160,PRSE,0
161,PRSE,0
162,PRSE,0
163,PRSE,0
164,PRSE,0
165,PRSE,0
166,PRSE,0
167,PRSE,0
168,PRSE,0
169,PRSE,0
170,PRSE,0
171,PRSE,0
172,PRSE,0
173,PRSE,1
174,PRSE,0
175,PRSE,0
176,PRSE,0
177,PRSE,0
178,PRSE,0
179,PRSE,0
180,PRSE,0
181,PRSE,0
182,PRSE,0
183,PRSE,0
184,PRSE,0
185,PRSE,0
186,PRSE,0
187,PRSE,0
188,PRSE,0
189,PRSE,0
190,PRSE,0
191,PRSE,0
192,PRSE,0
193,PRSE,0
194,PRSE,0
195,PRSE,0
196,PRSE,0
197,PRSE,0
198,PRSE,0
199,PRSE,0
200,PRSE,0
201,PRSE,0
202,PRSE,0
203,PRSE,0
204,PRSE,0
205,PRSE,0
206,PRSE,0
207,PRSE,0
208,PRSE,0
209,PRSE,0
210,PRSE,0
211,PRSE,0
212,PRSE,0
213,PRSE,0
214,PRSE,0
215,PRSE,0
216,PRSE,0
217,PRSE,0
218,PRSE,0
219,PRSE,0
220,PRSE,0
221,PRSE,0
222,PRSE,0
223,PRSE,0
224,PRSE,0
225,PRSE,0
226,PRSE,0
227,PRSE,0
228,PRSE,0
229,PRSE,0
230,PRSE,0
231,PRSE,0
232,PRSE,0
233,PRSE,0
234,PRSE,0
235,PRSE,0
236,PRSE,0
237,PRSE,0
238,PRSE,0
239,PRSE,0
240,PRSE,0
241,PRSE,0
242,PRSE,0
243,PRSE,0
244,PRSE,0
245,PRSE,0
246,PRSE,0
247,PRSE,0
248,PRSE,0
249,PRSE,0
0,QURU,0
1,QURU,0
2,QURU,0
3,QURU,0
4,QURU,0
5,QURU,0
6,QURU,0
7,QURU,0
8,QURU,0
9,QURU,49
10,QURU,218
11,QURU,69
12,QURU,54
13,QURU,66
14,QURU,76
15,QURU,121
16,QURU,139
17,QURU,177
18,QURU,186
19,QURU,226
20,QURU,261
21,QURU,286
22,QURU,276
23,QURU,323
24,QURU,338
25,QURU,312
26,QURU,325
27,QURU,368
28,QURU,345
29,QURU,362
30,QURU,327
31,QURU,360
32,QURU,359
33,QURU,370
34,QURU,283
35,QURU,326
36,QURU,280
37,QURU,283
38,QURU,315
39,QURU,310
40,QURU,270
41,QURU,263
42,QURU,279
43,QURU,264
44,QURU,284
45,QURU,245
46,QURU,258
47,QURU,245
48,QURU,224
49,QURU,260
50,QURU,238
51,QURU,247
52,QURU,230
53,QURU,219
54,QURU,208
55,QURU,181
56,QURU,203
57,QURU,228
58,QURU,222
59,QURU,191
60,QURU,195
61,QURU,201
62,QURU,166
63,QURU,209
64,QURU,189
65,QURU,170
66,QURU,183
67,QURU,182
68,QURU,179
69,QURU,171
70,QURU,177
71,QURU,172
72,QURU,197
73,QURU,185
74,QURU,169
75,QURU,198
76,QURU,173
77,QURU,177
78,QURU,189
79,QURU,180
80,QURU,179
81,QURU,191
82,QURU,176
83,QURU,157
84,QURU,177
85,QURU,189
86,QURU,177
87,QURU,195
88,QURU,173
89,QURU,191
90,QURU,187
91,QURU,175
92,QURU,177
93,QURU,147
94,QURU,189
95,QURU,191
96,QURU,181
97,QURU,212
98,QURU,215
99,QURU,219
100,QURU,181
101,QURU,209
102,QURU,214
103,QURU,203
104,QURU,219
105,QURU,176
106,QURU,204
107,QURU,196
108,QURU,195
109,QURU,167
110,QURU,196
111,QURU,203
112,QURU,209
113,QURU,157
114,QURU,197
115,QURU,163
116,QURU,165
117,QURU,172
118,QURU,161
119,QURU,149
120,QURU,142
121,QURU,147
122,QURU,136
123,QURU,154
124,QURU,141
125,QURU,163
126,QURU,159
127,QURU,142
128,QURU,141
129,QURU,136
130,QURU,134
131,QURU,118
132,QURU,113
133,QURU,133
134,QURU,112
135,QURU,120
136,QURU,108
137,QURU,88
138,QURU,137
139,QURU,106
140,QURU,108
141,QURU,101
142,QURU,82
143,QURU,108
144,QURU,77
145,QURU,89
146,QURU,104
147,QURU,91
148,QURU,81
149,QURU,78
150,QURU,96
151,QURU,63
152,QURU,63
153,QURU,79
154,QURU,65
155,QURU,69
156,QURU,57
157,QURU,76
158,QURU,74
159,QURU,61
160,QURU,81
161,QURU,69
162,QURU,62
163,QURU,50
164,QURU,51
165,QURU,49
166,QURU,64
167,QURU,51
168,QURU,47
169,QURU,49
170,QURU,33
171,QURU,42
172,QURU,46
173,QURU,51
174,QURU,38
175,QURU,25
176,QURU,36
177,QURU,39
178,QURU,18
179,QURU,36
180,QURU,26
181,QURU,37
182,QURU,30
183,QURU,22
184,QURU,36
185,QURU,26
186,QURU,22
187,QURU,22
188,QURU,18
189,QURU,15
190,QURU,26
191,QURU,25
192,QURU,24
193,QURU,17
194,QURU,17
195,QURU,19
196,QURU,30
197,QURU,9
198,QURU,27
199,QURU,32
200,QURU,16
201,QURU,24
202,QURU,21
203,QURU,15
204,QURU,13
205,QURU,18
206,QURU,4
207,QURU,8
208,QURU,11
209,QURU,16
210,QURU,24
211,QURU,24
212,QURU,13
213,QURU,22
214,QURU,19
215,QURU,19
216,QURU,7
217,QURU,17
218,QURU,17
219,QURU,12
220,QURU,12
221,QURU,22
222,QURU,20
223,QURU,21
224,QURU,11
225,QURU,19
226,QURU,21
227,QURU,25
228,QURU,18
229,QURU,21
230,QURU,20
231,QURU,11
232,QURU,11
233,QURU,8
234,QURU,16
235,QURU,16
236,QURU,7
237,QURU,11
238,QURU,18
239,QURU,18
240,QURU,8
241,QURU,16
242,QURU,7
243,QURU,14
244,QURU,7
245,QURU,9
246,QURU,16
247,QURU,13
248,QURU,11
249,QURU,11
0,PIRE,0
1,PIRE,0
2,PIRE,0
3,PIRE,0
4,PIRE,0
5,PIRE,0
6,PIRE,0
7,PIRE,0
8,PIRE,0
9,PIRE,0
10,PIRE,3
11,PIRE,149
12,PIRE,122
13,PIRE,49
14,PIRE,23
15,PIRE,41
16,PIRE,25
17,PIRE,52
18,PIRE,50
19,PIRE,45
20,PIRE,74
21,PIRE,70
22,PIRE,77
23,PIRE,90
24,PIRE,105
25,PIRE,108
26,PIRE,148
27,PIRE,124
28,PIRE,138
29,PIRE,135
30,PIRE,171
31,PIRE,168
32,PIRE,169
33,PIRE,165
34,PIRE,202
35,PIRE,190
36,PIRE,198
37,PIRE,182
38,PIRE,171
39,PIRE,180
40,PIRE,194
41,PIRE,178
42,PIRE,166
43,PIRE,167
44,PIRE,187
45,PIRE,196
46,PIRE,197
47,PIRE,180
48,PIRE,192
49,PIRE,180
50,PIRE,206
51,PIRE,178
52,PIRE,171
53,PIRE,169
54,PIRE,188
55,PIRE,165
56,PIRE,164
57,PIRE,161
58,PIRE,159
59,PIRE,184
60,PIRE,180
61,PIRE,185
62,PIRE,192
63,PIRE,190
64,PIRE,159
65,PIRE,162
66,PIRE,153
67,PIRE,163
68,PIRE,163
69,PIRE,154
70,PIRE,149
71,PIRE,132
72,PIRE,146
73,PIRE,148
74,PIRE,137
75,PIRE,143
76,PIRE,160
77,PIRE,135
78,PIRE,167
79,PIRE,162
80,PIRE,172
81,PIRE,166
82,PIRE,155
83,PIRE,170
84,PIRE,175
85,PIRE,177
86,PIRE,160
87,PIRE,145
88,PIRE,195
89,PIRE,177
90,PIRE,200
91,PIRE,196
92,PIRE,195
93,PIRE,214
94,PIRE,194
95,PIRE,230
96,PIRE,218
97,PIRE,296
98,PIRE,308
99,PIRE,308
100,PIRE,318
101,PIRE,358
102,PIRE,360
103,PIRE,365
104,PIRE,378
105,PIRE,429
106,PIRE,404
107,PIRE,416
108,PIRE,439
109,PIRE,445
110,PIRE,500
111,PIRE,520
112,PIRE,531
113,PIRE,489
114,PIRE,489
115,PIRE,498
116,PIRE,520
117,PIRE,519
118,PIRE,478
119,PIRE,496
120,PIRE,458
121,PIRE,457
122,PIRE,420
123,PIRE,415
124,PIRE,448
125,PIRE,454
126,PIRE,471
127,PIRE,442
128,PIRE,404
129,PIRE,378
130,PIRE,365
131,PIRE,463
132,PIRE,414
133,PIRE,407
134,PIRE,414
135,PIRE,422
136,PIRE,419
137,PIRE,434
138,PIRE,422
139,PIRE,420
140,PIRE,380
141,PIRE,373
142,PIRE,397
143,PIRE,437
144,PIRE,410
145,PIRE,395
146,PIRE,415
147,PIRE,400
148,PIRE,430
149,PIRE,412
150,PIRE,409
151,PIRE,453
152,PIRE,490
153,PIRE,507
154,PIRE,472
155,PIRE,532
156,PIRE,539
157,PIRE,565
158,PIRE,534
159,PIRE,501
160,PIRE,514
161,PIRE,524
162,PIRE,507
163,PIRE,587
164,PIRE,629
165,PIRE,622
166,PIRE,593
167,PIRE,664
168,PIRE,680
169,PIRE,637
170,PIRE,655
171,PIRE,653
172,PIRE,589
173,PIRE,596
174,PIRE,577
175,PIRE,506
176,PIRE,560
177,PIRE,578
178,PIRE,543
179,PIRE,493
180,PIRE,466
181,PIRE,549
182,PIRE,499
183,PIRE,484
184,PIRE,478
185,PIRE,481
186,PIRE,437
187,PIRE,475
188,PIRE,471
189,PIRE,424
190,PIRE,436
191,PIRE,422
192,PIRE,439
193,PIRE,429
194,PIRE,463
195,PIRE,444
196,PIRE,448
197,PIRE,411
198,PIRE,425
199,PIRE,429
200,PIRE,471
201,PIRE,462
202,PIRE,457
203,PIRE,467
204,PIRE,490
205,PIRE,451
206,PIRE,430
207,PIRE,402
208,PIRE,461
209,PIRE,434
210,PIRE,435
211,PIRE,420
212,PIRE,435
213,PIRE,397
214,PIRE,437
215,PIRE,377
216,PIRE,397
217,PIRE,380
218,PIRE,383
219,PIRE,413
220,PIRE,356
221,PIRE,398
222,PIRE,343
223,PIRE,367
224,PIRE,326
225,PIRE,348
226,PIRE,323
227,PIRE,327
228,PIRE,359
229,PIRE,363
230,PIRE,312
231,PIRE,339
232,PIRE,353
233,PIRE,326
234,PIRE,336
235,PIRE,343
236,PIRE,333
237,PIRE,306
238,PIRE,338
239,PIRE,314
240,PIRE,341
241,PIRE,308
242,PIRE,284
243,PIRE,326
244,PIRE,332
245,PIRE,321
246,PIRE,285
247,PIRE,269
248,PIRE,268
249,PIRE,279
0,PIAB,0
1,PIAB,1
2,PIAB,0
3,PIAB,0
4,PIAB,0
5,PIAB,0
6,PIAB,0
7,PIAB,0
8,PIAB,1
9,PIAB,0
10,PIAB,370
11,PIAB,148
12,PIAB,166
13,PIAB,141
14,PIAB,184
15,PIAB,252
16,PIAB,202
17,PIAB,219
18,PIAB,247
19,PIAB,215
20,PIAB,239
21,PIAB,294
22,PIAB,308
23,PIAB,289
24,PIAB,297
25,PIAB,300
26,PIAB,290
27,PIAB,297
28,PIAB,319
29,PIAB,333
30,PIAB,303
31,PIAB,300
32,PIAB,319
33,PIAB,318
34,PIAB,327
35,PIAB,298
36,PIAB,297
37,PIAB,321
38,PIAB,310
39,PIAB,319
40,PIAB,299
41,PIAB,297
42,PIAB,288
43,PIAB,294
44,PIAB,260
45,PIAB,239
46,PIAB,274
47,PIAB,246
48,PIAB,268
49,PIAB,260
50,PIAB,257
51,PIAB,252
52,PIAB,236
53,PIAB,239
54,PIAB,255
55,PIAB,233
56,PIAB,234
57,PIAB,219
58,PIAB,242
59,PIAB,216
60,PIAB,252
61,PIAB,239
62,PIAB,260
63,PIAB,224
64,PIAB,217
65,PIAB,217
66,PIAB,237
67,PIAB,213
68,PIAB,217
69,PIAB,227
70,PIAB,215
71,PIAB,207
72,PIAB,220
73,PIAB,209
74,PIAB,191
75,PIAB,230
76,PIAB,226
77,PIAB,197
78,PIAB,235
79,PIAB,217
80,PIAB,190
81,PIAB,229
82,PIAB,203
83,PIAB,216
84,PIAB,240
85,PIAB,211
86,PIAB,239
87,PIAB,218
88,PIAB,248
89,PIAB,205
90,PIAB,218
91,PIAB,197
92,PIAB,228
93,PIAB,210
94,PIAB,213
95,PIAB,213
96,PIAB,228
97,PIAB,216
98,PIAB,205
99,PIAB,211
100,PIAB,238
101,PIAB,241
102,PIAB,237
103,PIAB,201
104,PIAB,192
105,PIAB,224
106,PIAB,204
107,PIAB,203
108,PIAB,190
109,PIAB,230
110,PIAB,228
111,PIAB,220
112,PIAB,234
113,PIAB,214
114,PIAB,219
115,PIAB,172
116,PIAB,193
117,PIAB,188
118,PIAB,180
119,PIAB,180
120,PIAB,192
121,PIAB,178
122,PIAB,165
123,PIAB,175
124,PIAB,191
125,PIAB,171
126,PIAB,190
127,PIAB,193
128,PIAB,187
129,PIAB,172
130,PIAB,183
131,PIAB,185
132,PIAB,175
133,PIAB,192
134,PIAB,181
135,PIAB,187
136,PIAB,185
137,PIAB,196
138,PIAB,169
139,PIAB,185
140,PIAB,154
141,PIAB,179
142,PIAB,189
143,PIAB,163
144,PIAB,154
145,PIAB,159
146,PIAB,191
147,PIAB,195
148,PIAB,179
149,PIAB,160
150,PIAB,162
151,PIAB,193
152,PIAB,158
153,PIAB,185
154,PIAB,186
155,PIAB,174
156,PIAB,165
157,PIAB,172
158,PIAB,181
159,PIAB,183
160,PIAB,158
161,PIAB,187
162,PIAB,187
163,PIAB,189
164,PIAB,222
165,PIAB,190
166,PIAB,170
167,PIAB,211
168,PIAB,169
169,PIAB,192
170,PIAB,173
171,PIAB,171
172,PIAB,173
173,PIAB,171
174,PIAB,190
175,PIAB,173
176,PIAB,170
177,PIAB,181
178,PIAB,162
179,PIAB,173
180,PIAB,150
181,PIAB,168
182,PIAB,179
183,PIAB,174
184,PIAB,166
185,PIAB,158
186,PIAB,173
187,PIAB,185
188,PIAB,173
189,PIAB,157
190,PIAB,159
191,PIAB,148
192,PIAB,190
193,PIAB,173
194,PIAB,175
195,PIAB,150
196,PIAB,186
197,PIAB,184
198,PIAB,165
199,PIAB,180
200,PIAB,168
201,PIAB,168
202,PIAB,175
203,PIAB,170
204,PIAB,170
205,PIAB,158
206,PIAB,188
207,PIAB,171
208,PIAB,149
209,PIAB,154
210,PIAB,155
211,PIAB,163
212,PIAB,146
213,PIAB,151
214,PIAB,146
215,PIAB,133
216,PIAB,158
217,PIAB,141
218,PIAB,122
219,PIAB,142
220,PIAB,136
221,PIAB,113
222,PIAB,141
223,PIAB,142
224,PIAB,150
225,PIAB,112
226,PIAB,142
227,PIAB,131
228,PIAB,125
229,PIAB,139
230,PIAB,129
231,PIAB,127
232,PIAB,126
233,PIAB,117
234,PIAB,101
235,PIAB,126
236,PIAB,97
237,PIAB,127
238,PIAB,116
239,PIAB,106
240,PIAB,99
241,PIAB,92
242,PIAB,96
243,PIAB,107
244,PIAB,90
245,PIAB,75
246,PIAB,97
247,PIAB,76
248,PIAB,105
249,PIAB,101
